{
    "Simple CNN": {
        "PSNR": 24.4087663663426,
        "SSIM": 0.9230589866638184
    },
    "U-Net": {
        "PSNR": 24.902119109630185,
        "SSIM": 0.9309896230697632
    },
    "GAN": {
        "PSNR": 23.51904606357868,
        "SSIM": 0.907585620880127
    }
}